sample_name	library_ID	title	library_strategy	library_source	library_selection	library_layout	platform	instrument_model	design_description	filetype	filename	filename2
NAR2008_006	NAR2008_006_55085_7_pe	low-coverage WGS of Gadus morhua: Greenland	WGS	GENOMIC	RANDOM	paired	ILLUMINA	NextSeq 500	DNA was extracted from fin clips or gill tissue with the Qiagen DNeasy Blood & Tissue Kit and libraries were prepared with the protocol described in Therkildsen & Palumbi (2017).	fastq	8467_3270_55085_HMK3YBGX2_NAR2008_006_GCTACGCT_CTCTCTAT_R1.fastq.gz	8467_3270_55085_HMK3YBGX2_NAR2008_006_GCTACGCT_CTCTCTAT_R2.fastq.gz
PAA2011_786	PAA2011_786_55086_7_pe	low-coverage WGS of Gadus morhua: Greenland	WGS	GENOMIC	RANDOM	paired	ILLUMINA	NextSeq 500	DNA was extracted from fin clips or gill tissue with the Qiagen DNeasy Blood & Tissue Kit and libraries were prepared with the protocol described in Therkildsen & Palumbi (2017).	fastq	8467_3270_55086_HMK3YBGX2_PAA2011_786_CGAGGCTG_CTCTCTAT_R1.fastq.gz	8467_3270_55086_HMK3YBGX2_PAA2011_786_CGAGGCTG_CTCTCTAT_R2.fastq.gz
BUK2011_001	BUK2011_001_55087_7_pe	low-coverage WGS of Gadus morhua: Greenland	WGS	GENOMIC	RANDOM	paired	ILLUMINA	NextSeq 500	DNA was extracted from fin clips or gill tissue with the Qiagen DNeasy Blood & Tissue Kit and libraries were prepared with the protocol described in Therkildsen & Palumbi (2017).	fastq	8467_3270_55087_HMK3YBGX2_BUK2011_001_ACTCGCTA_CTCTCTAT_R1.fastq.gz	8467_3270_55087_HMK3YBGX2_BUK2011_001_ACTCGCTA_CTCTCTAT_R2.fastq.gz
BUK2011_018	BUK2011_018_55088_7_pe	low-coverage WGS of Gadus morhua: Greenland	WGS	GENOMIC	RANDOM	paired	ILLUMINA	NextSeq 500	DNA was extracted from fin clips or gill tissue with the Qiagen DNeasy Blood & Tissue Kit and libraries were prepared with the protocol described in Therkildsen & Palumbi (2017).	fastq	8467_3270_55088_HMK3YBGX2_BUK2011_018_GGAGCTAC_CTCTCTAT_R1.fastq.gz	8467_3270_55088_HMK3YBGX2_BUK2011_018_GGAGCTAC_CTCTCTAT_R2.fastq.gz
KNG2011_379	KNG2011_379_55089_7_pe	low-coverage WGS of Gadus morhua: Greenland	WGS	GENOMIC	RANDOM	paired	ILLUMINA	NextSeq 500	DNA was extracted from fin clips or gill tissue with the Qiagen DNeasy Blood & Tissue Kit and libraries were prepared with the protocol described in Therkildsen & Palumbi (2017).	fastq	8467_3270_55089_HMK3YBGX2_KNG2011_379_CGGAGCCT_CTCTCTAT_R1.fastq.gz	8467_3270_55089_HMK3YBGX2_KNG2011_379_CGGAGCCT_CTCTCTAT_R2.fastq.gz
BUK2011_053	BUK2011_053_55090_7_pe	low-coverage WGS of Gadus morhua: Greenland	WGS	GENOMIC	RANDOM	paired	ILLUMINA	NextSeq 500	DNA was extracted from fin clips or gill tissue with the Qiagen DNeasy Blood & Tissue Kit and libraries were prepared with the protocol described in Therkildsen & Palumbi (2017).	fastq	8467_3270_55090_HMK3YBGX2_BUK2011_053_TAGCGCTC_CTCTCTAT_R1.fastq.gz	8467_3270_55090_HMK3YBGX2_BUK2011_053_TAGCGCTC_CTCTCTAT_R2.fastq.gz
ATP2011_125	ATP2011_125_55091_7_pe	low-coverage WGS of Gadus morhua: Greenland	WGS	GENOMIC	RANDOM	paired	ILLUMINA	NextSeq 500	DNA was extracted from fin clips or gill tissue with the Qiagen DNeasy Blood & Tissue Kit and libraries were prepared with the protocol described in Therkildsen & Palumbi (2017).	fastq	8467_3270_55091_HMK3YBGX2_ATP2011_125_ACTGAGCG_CTCTCTAT_R1.fastq.gz	8467_3270_55091_HMK3YBGX2_ATP2011_125_ACTGAGCG_CTCTCTAT_R2.fastq.gz
KNG2011_433	KNG2011_433_55093_7_pe	low-coverage WGS of Gadus morhua: Greenland	WGS	GENOMIC	RANDOM	paired	ILLUMINA	NextSeq 500	DNA was extracted from fin clips or gill tissue with the Qiagen DNeasy Blood & Tissue Kit and libraries were prepared with the protocol described in Therkildsen & Palumbi (2017).	fastq	8467_3270_55093_HMK3YBGX2_KNG2011_433_TCGACGTC_CTCTCTAT_R1.fastq.gz	8467_3270_55093_HMK3YBGX2_KNG2011_433_TCGACGTC_CTCTCTAT_R2.fastq.gz
IKE2011_966	IKE2011_966_55095_7_pe	low-coverage WGS of Gadus morhua: Greenland	WGS	GENOMIC	RANDOM	paired	ILLUMINA	NextSeq 500	DNA was extracted from fin clips or gill tissue with the Qiagen DNeasy Blood & Tissue Kit and libraries were prepared with the protocol described in Therkildsen & Palumbi (2017).	fastq	8467_3270_55095_HMK3YBGX2_IKE2011_966_GGACTCCT_TATCCTCT_R1.fastq.gz	8467_3270_55095_HMK3YBGX2_IKE2011_966_GGACTCCT_TATCCTCT_R2.fastq.gz
BUK2011_002	BUK2011_002_55097_7_pe	low-coverage WGS of Gadus morhua: Greenland	WGS	GENOMIC	RANDOM	paired	ILLUMINA	NextSeq 500	DNA was extracted from fin clips or gill tissue with the Qiagen DNeasy Blood & Tissue Kit and libraries were prepared with the protocol described in Therkildsen & Palumbi (2017).	fastq	8467_3270_55097_HMK3YBGX2_BUK2011_002_ACTCGCTA_TATCCTCT_R1.fastq.gz	8467_3270_55097_HMK3YBGX2_BUK2011_002_ACTCGCTA_TATCCTCT_R2.fastq.gz
BUK2011_027	BUK2011_027_55098_7_pe	low-coverage WGS of Gadus morhua: Greenland	WGS	GENOMIC	RANDOM	paired	ILLUMINA	NextSeq 500	DNA was extracted from fin clips or gill tissue with the Qiagen DNeasy Blood & Tissue Kit and libraries were prepared with the protocol described in Therkildsen & Palumbi (2017).	fastq	8467_3270_55098_HMK3YBGX2_BUK2011_027_GGAGCTAC_TATCCTCT_R1.fastq.gz	8467_3270_55098_HMK3YBGX2_BUK2011_027_GGAGCTAC_TATCCTCT_R2.fastq.gz
KNG2011_383	KNG2011_383_55100_7_pe	low-coverage WGS of Gadus morhua: Greenland	WGS	GENOMIC	RANDOM	paired	ILLUMINA	NextSeq 500	DNA was extracted from fin clips or gill tissue with the Qiagen DNeasy Blood & Tissue Kit and libraries were prepared with the protocol described in Therkildsen & Palumbi (2017).	fastq	8467_3270_55100_HMK3YBGX2_KNG2011_383_CGGAGCCT_TATCCTCT_R1.fastq.gz	8467_3270_55100_HMK3YBGX2_KNG2011_383_CGGAGCCT_TATCCTCT_R2.fastq.gz
BUK2011_056	BUK2011_056_55101_7_pe	low-coverage WGS of Gadus morhua: Greenland	WGS	GENOMIC	RANDOM	paired	ILLUMINA	NextSeq 500	DNA was extracted from fin clips or gill tissue with the Qiagen DNeasy Blood & Tissue Kit and libraries were prepared with the protocol described in Therkildsen & Palumbi (2017).	fastq	8467_3270_55101_HMK3YBGX2_BUK2011_056_TAGCGCTC_TATCCTCT_R1.fastq.gz	8467_3270_55101_HMK3YBGX2_BUK2011_056_TAGCGCTC_TATCCTCT_R2.fastq.gz
KNG2011_435	KNG2011_435_55102_7_pe	low-coverage WGS of Gadus morhua: Greenland	WGS	GENOMIC	RANDOM	paired	ILLUMINA	NextSeq 500	DNA was extracted from fin clips or gill tissue with the Qiagen DNeasy Blood & Tissue Kit and libraries were prepared with the protocol described in Therkildsen & Palumbi (2017).	fastq	8467_3270_55102_HMK3YBGX2_KNG2011_435_TCGACGTC_TATCCTCT_R1.fastq.gz	8467_3270_55102_HMK3YBGX2_KNG2011_435_TCGACGTC_TATCCTCT_R2.fastq.gz
IKE2011_970	IKE2011_970_55104_7_pe	low-coverage WGS of Gadus morhua: Greenland	WGS	GENOMIC	RANDOM	paired	ILLUMINA	NextSeq 500	DNA was extracted from fin clips or gill tissue with the Qiagen DNeasy Blood & Tissue Kit and libraries were prepared with the protocol described in Therkildsen & Palumbi (2017).	fastq	8467_3270_55104_HMK3YBGX2_IKE2011_970_GGACTCCT_AGAGTAGA_R1.fastq.gz	8467_3270_55104_HMK3YBGX2_IKE2011_970_GGACTCCT_AGAGTAGA_R2.fastq.gz
BUK2011_006	BUK2011_006_55107_7_pe	low-coverage WGS of Gadus morhua: Greenland	WGS	GENOMIC	RANDOM	paired	ILLUMINA	NextSeq 500	DNA was extracted from fin clips or gill tissue with the Qiagen DNeasy Blood & Tissue Kit and libraries were prepared with the protocol described in Therkildsen & Palumbi (2017).	fastq	8467_3270_55107_HMK3YBGX2_BUK2011_006_ACTCGCTA_AGAGTAGA_R1.fastq.gz	8467_3270_55107_HMK3YBGX2_BUK2011_006_ACTCGCTA_AGAGTAGA_R2.fastq.gz
BUK2011_029	BUK2011_029_55108_7_pe	low-coverage WGS of Gadus morhua: Greenland	WGS	GENOMIC	RANDOM	paired	ILLUMINA	NextSeq 500	DNA was extracted from fin clips or gill tissue with the Qiagen DNeasy Blood & Tissue Kit and libraries were prepared with the protocol described in Therkildsen & Palumbi (2017).	fastq	8467_3270_55108_HMK3YBGX2_BUK2011_029_GGAGCTAC_AGAGTAGA_R1.fastq.gz	8467_3270_55108_HMK3YBGX2_BUK2011_029_GGAGCTAC_AGAGTAGA_R2.fastq.gz
UUM2010_036	UUM2010_036_55109_7_pe	low-coverage WGS of Gadus morhua: Greenland	WGS	GENOMIC	RANDOM	paired	ILLUMINA	NextSeq 500	DNA was extracted from fin clips or gill tissue with the Qiagen DNeasy Blood & Tissue Kit and libraries were prepared with the protocol described in Therkildsen & Palumbi (2017).	fastq	8467_3270_55109_HMK3YBGX2_UUM2010_036_GCGTAGTA_AGAGTAGA_R1.fastq.gz	8467_3270_55109_HMK3YBGX2_UUM2010_036_GCGTAGTA_AGAGTAGA_R2.fastq.gz
BUK2011_057	BUK2011_057_55110_7_pe	low-coverage WGS of Gadus morhua: Greenland	WGS	GENOMIC	RANDOM	paired	ILLUMINA	NextSeq 500	DNA was extracted from fin clips or gill tissue with the Qiagen DNeasy Blood & Tissue Kit and libraries were prepared with the protocol described in Therkildsen & Palumbi (2017).	fastq	8467_3270_55110_HMK3YBGX2_BUK2011_057_TAGCGCTC_AGAGTAGA_R1.fastq.gz	8467_3270_55110_HMK3YBGX2_BUK2011_057_TAGCGCTC_AGAGTAGA_R2.fastq.gz
UUM2010_068	UUM2010_068_55111_7_pe	low-coverage WGS of Gadus morhua: Greenland	WGS	GENOMIC	RANDOM	paired	ILLUMINA	NextSeq 500	DNA was extracted from fin clips or gill tissue with the Qiagen DNeasy Blood & Tissue Kit and libraries were prepared with the protocol described in Therkildsen & Palumbi (2017).	fastq	8467_3270_55111_HMK3YBGX2_UUM2010_068_CCTAAGAC_AGAGTAGA_R1.fastq.gz	8467_3270_55111_HMK3YBGX2_UUM2010_068_CCTAAGAC_AGAGTAGA_R2.fastq.gz
KNG2011_437	KNG2011_437_55112_7_pe	low-coverage WGS of Gadus morhua: Greenland	WGS	GENOMIC	RANDOM	paired	ILLUMINA	NextSeq 500	DNA was extracted from fin clips or gill tissue with the Qiagen DNeasy Blood & Tissue Kit and libraries were prepared with the protocol described in Therkildsen & Palumbi (2017).	fastq	8467_3270_55112_HMK3YBGX2_KNG2011_437_TCGACGTC_AGAGTAGA_R1.fastq.gz	8467_3270_55112_HMK3YBGX2_KNG2011_437_TCGACGTC_AGAGTAGA_R2.fastq.gz
IKE2011_972	IKE2011_972_55115_7_pe	low-coverage WGS of Gadus morhua: Greenland	WGS	GENOMIC	RANDOM	paired	ILLUMINA	NextSeq 500	DNA was extracted from fin clips or gill tissue with the Qiagen DNeasy Blood & Tissue Kit and libraries were prepared with the protocol described in Therkildsen & Palumbi (2017).	fastq	8467_3270_55115_HMK3YBGX2_IKE2011_972_GGACTCCT_GTAAGGAG_R1.fastq.gz	8467_3270_55115_HMK3YBGX2_IKE2011_972_GGACTCCT_GTAAGGAG_R2.fastq.gz
BUK2011_007	BUK2011_007_55118_7_pe	low-coverage WGS of Gadus morhua: Greenland	WGS	GENOMIC	RANDOM	paired	ILLUMINA	NextSeq 500	DNA was extracted from fin clips or gill tissue with the Qiagen DNeasy Blood & Tissue Kit and libraries were prepared with the protocol described in Therkildsen & Palumbi (2017).	fastq	8467_3270_55118_HMK3YBGX2_BUK2011_007_ACTCGCTA_GTAAGGAG_R1.fastq.gz	8467_3270_55118_HMK3YBGX2_BUK2011_007_ACTCGCTA_GTAAGGAG_R2.fastq.gz
UUM2010_038	UUM2010_038_55119_7_pe	low-coverage WGS of Gadus morhua: Greenland	WGS	GENOMIC	RANDOM	paired	ILLUMINA	NextSeq 500	DNA was extracted from fin clips or gill tissue with the Qiagen DNeasy Blood & Tissue Kit and libraries were prepared with the protocol described in Therkildsen & Palumbi (2017).	fastq	8467_3270_55119_HMK3YBGX2_UUM2010_038_GCGTAGTA_GTAAGGAG_R1.fastq.gz	8467_3270_55119_HMK3YBGX2_UUM2010_038_GCGTAGTA_GTAAGGAG_R2.fastq.gz
BUK2011_041	BUK2011_041_55120_7_pe	low-coverage WGS of Gadus morhua: Greenland	WGS	GENOMIC	RANDOM	paired	ILLUMINA	NextSeq 500	DNA was extracted from fin clips or gill tissue with the Qiagen DNeasy Blood & Tissue Kit and libraries were prepared with the protocol described in Therkildsen & Palumbi (2017).	fastq	8467_3270_55120_HMK3YBGX2_BUK2011_041_ATGCGCAG_GTAAGGAG_R1.fastq.gz	8467_3270_55120_HMK3YBGX2_BUK2011_041_ATGCGCAG_GTAAGGAG_R2.fastq.gz
BUK2011_059	BUK2011_059_55121_7_pe	low-coverage WGS of Gadus morhua: Greenland	WGS	GENOMIC	RANDOM	paired	ILLUMINA	NextSeq 500	DNA was extracted from fin clips or gill tissue with the Qiagen DNeasy Blood & Tissue Kit and libraries were prepared with the protocol described in Therkildsen & Palumbi (2017).	fastq	8467_3270_55121_HMK3YBGX2_BUK2011_059_TAGCGCTC_GTAAGGAG_R1.fastq.gz	8467_3270_55121_HMK3YBGX2_BUK2011_059_TAGCGCTC_GTAAGGAG_R2.fastq.gz
KNG2011_439	KNG2011_439_55122_7_pe	low-coverage WGS of Gadus morhua: Greenland	WGS	GENOMIC	RANDOM	paired	ILLUMINA	NextSeq 500	DNA was extracted from fin clips or gill tissue with the Qiagen DNeasy Blood & Tissue Kit and libraries were prepared with the protocol described in Therkildsen & Palumbi (2017).	fastq	8467_3270_55122_HMK3YBGX2_KNG2011_439_TCGACGTC_GTAAGGAG_R1.fastq.gz	8467_3270_55122_HMK3YBGX2_KNG2011_439_TCGACGTC_GTAAGGAG_R2.fastq.gz
IKE2011_976	IKE2011_976_55124_7_pe	low-coverage WGS of Gadus morhua: Greenland	WGS	GENOMIC	RANDOM	paired	ILLUMINA	NextSeq 500	DNA was extracted from fin clips or gill tissue with the Qiagen DNeasy Blood & Tissue Kit and libraries were prepared with the protocol described in Therkildsen & Palumbi (2017).	fastq	8467_3270_55124_HMK3YBGX2_IKE2011_976_GGACTCCT_ACTGCATA_R1.fastq.gz	8467_3270_55124_HMK3YBGX2_IKE2011_976_GGACTCCT_ACTGCATA_R2.fastq.gz
BUK2011_010	BUK2011_010_55128_7_pe	low-coverage WGS of Gadus morhua: Greenland	WGS	GENOMIC	RANDOM	paired	ILLUMINA	NextSeq 500	DNA was extracted from fin clips or gill tissue with the Qiagen DNeasy Blood & Tissue Kit and libraries were prepared with the protocol described in Therkildsen & Palumbi (2017).	fastq	8467_3270_55128_HMK3YBGX2_BUK2011_010_ACTCGCTA_ACTGCATA_R1.fastq.gz	8467_3270_55128_HMK3YBGX2_BUK2011_010_ACTCGCTA_ACTGCATA_R2.fastq.gz
KNG2011_373	KNG2011_373_55129_7_pe	low-coverage WGS of Gadus morhua: Greenland	WGS	GENOMIC	RANDOM	paired	ILLUMINA	NextSeq 500	DNA was extracted from fin clips or gill tissue with the Qiagen DNeasy Blood & Tissue Kit and libraries were prepared with the protocol described in Therkildsen & Palumbi (2017).	fastq	8467_3270_55129_HMK3YBGX2_KNG2011_373_GCGTAGTA_ACTGCATA_R1.fastq.gz	8467_3270_55129_HMK3YBGX2_KNG2011_373_GCGTAGTA_ACTGCATA_R2.fastq.gz
BUK2011_045	BUK2011_045_55130_7_pe	low-coverage WGS of Gadus morhua: Greenland	WGS	GENOMIC	RANDOM	paired	ILLUMINA	NextSeq 500	DNA was extracted from fin clips or gill tissue with the Qiagen DNeasy Blood & Tissue Kit and libraries were prepared with the protocol described in Therkildsen & Palumbi (2017).	fastq	8467_3270_55130_HMK3YBGX2_BUK2011_045_ATGCGCAG_ACTGCATA_R1.fastq.gz	8467_3270_55130_HMK3YBGX2_BUK2011_045_ATGCGCAG_ACTGCATA_R2.fastq.gz
BUK2011_060	BUK2011_060_55131_7_pe	low-coverage WGS of Gadus morhua: Greenland	WGS	GENOMIC	RANDOM	paired	ILLUMINA	NextSeq 500	DNA was extracted from fin clips or gill tissue with the Qiagen DNeasy Blood & Tissue Kit and libraries were prepared with the protocol described in Therkildsen & Palumbi (2017).	fastq	8467_3270_55131_HMK3YBGX2_BUK2011_060_TAGCGCTC_ACTGCATA_R1.fastq.gz	8467_3270_55131_HMK3YBGX2_BUK2011_060_TAGCGCTC_ACTGCATA_R2.fastq.gz
UUM2010_073	UUM2010_073_55132_7_pe	low-coverage WGS of Gadus morhua: Greenland	WGS	GENOMIC	RANDOM	paired	ILLUMINA	NextSeq 500	DNA was extracted from fin clips or gill tissue with the Qiagen DNeasy Blood & Tissue Kit and libraries were prepared with the protocol described in Therkildsen & Palumbi (2017).	fastq	8467_3270_55132_HMK3YBGX2_UUM2010_073_CCTAAGAC_ACTGCATA_R1.fastq.gz	8467_3270_55132_HMK3YBGX2_UUM2010_073_CCTAAGAC_ACTGCATA_R2.fastq.gz
UUM2010_096	UUM2010_096_55133_7_pe	low-coverage WGS of Gadus morhua: Greenland	WGS	GENOMIC	RANDOM	paired	ILLUMINA	NextSeq 500	DNA was extracted from fin clips or gill tissue with the Qiagen DNeasy Blood & Tissue Kit and libraries were prepared with the protocol described in Therkildsen & Palumbi (2017).	fastq	8467_3270_55133_HMK3YBGX2_UUM2010_096_CGATCAGT_ACTGCATA_R1.fastq.gz	8467_3270_55133_HMK3YBGX2_UUM2010_096_CGATCAGT_ACTGCATA_R2.fastq.gz
KNG2011_441	KNG2011_441_55134_7_pe	low-coverage WGS of Gadus morhua: Greenland	WGS	GENOMIC	RANDOM	paired	ILLUMINA	NextSeq 500	DNA was extracted from fin clips or gill tissue with the Qiagen DNeasy Blood & Tissue Kit and libraries were prepared with the protocol described in Therkildsen & Palumbi (2017).	fastq	8467_3270_55134_HMK3YBGX2_KNG2011_441_TCGACGTC_ACTGCATA_R1.fastq.gz	8467_3270_55134_HMK3YBGX2_KNG2011_441_TCGACGTC_ACTGCATA_R2.fastq.gz
IKE2011_978	IKE2011_978_55137_7_pe	low-coverage WGS of Gadus morhua: Greenland	WGS	GENOMIC	RANDOM	paired	ILLUMINA	NextSeq 500	DNA was extracted from fin clips or gill tissue with the Qiagen DNeasy Blood & Tissue Kit and libraries were prepared with the protocol described in Therkildsen & Palumbi (2017).	fastq	8467_3270_55137_HMK3YBGX2_IKE2011_978_GGACTCCT_AAGGAGTA_R1.fastq.gz	8467_3270_55137_HMK3YBGX2_IKE2011_978_GGACTCCT_AAGGAGTA_R2.fastq.gz
PAA2011_708	PAA2011_708_55139_7_pe	low-coverage WGS of Gadus morhua: Greenland	WGS	GENOMIC	RANDOM	paired	ILLUMINA	NextSeq 500	DNA was extracted from fin clips or gill tissue with the Qiagen DNeasy Blood & Tissue Kit and libraries were prepared with the protocol described in Therkildsen & Palumbi (2017).	fastq	8467_3270_55139_HMK3YBGX2_PAA2011_708_GCTACGCT_AAGGAGTA_R1.fastq.gz	8467_3270_55139_HMK3YBGX2_PAA2011_708_GCTACGCT_AAGGAGTA_R2.fastq.gz
KNG2011_375	KNG2011_375_55141_7_pe	low-coverage WGS of Gadus morhua: Greenland	WGS	GENOMIC	RANDOM	paired	ILLUMINA	NextSeq 500	DNA was extracted from fin clips or gill tissue with the Qiagen DNeasy Blood & Tissue Kit and libraries were prepared with the protocol described in Therkildsen & Palumbi (2017).	fastq	8467_3270_55141_HMK3YBGX2_KNG2011_375_GCGTAGTA_AAGGAGTA_R1.fastq.gz	8467_3270_55141_HMK3YBGX2_KNG2011_375_GCGTAGTA_AAGGAGTA_R2.fastq.gz
NAR2008_001	NAR2008_001_55142_7_pe	low-coverage WGS of Gadus morhua: Greenland	WGS	GENOMIC	RANDOM	paired	ILLUMINA	NextSeq 500	DNA was extracted from fin clips or gill tissue with the Qiagen DNeasy Blood & Tissue Kit and libraries were prepared with the protocol described in Therkildsen & Palumbi (2017).	fastq	8467_3270_55142_HMK3YBGX2_NAR2008_001_TACGCTGC_AAGGAGTA_R1.fastq.gz	8467_3270_55142_HMK3YBGX2_NAR2008_001_TACGCTGC_AAGGAGTA_R2.fastq.gz
BUK2011_048	BUK2011_048_55143_7_pe	low-coverage WGS of Gadus morhua: Greenland	WGS	GENOMIC	RANDOM	paired	ILLUMINA	NextSeq 500	DNA was extracted from fin clips or gill tissue with the Qiagen DNeasy Blood & Tissue Kit and libraries were prepared with the protocol described in Therkildsen & Palumbi (2017).	fastq	8467_3270_55143_HMK3YBGX2_BUK2011_048_ATGCGCAG_AAGGAGTA_R1.fastq.gz	8467_3270_55143_HMK3YBGX2_BUK2011_048_ATGCGCAG_AAGGAGTA_R2.fastq.gz
UUM2010_075	UUM2010_075_55144_7_pe	low-coverage WGS of Gadus morhua: Greenland	WGS	GENOMIC	RANDOM	paired	ILLUMINA	NextSeq 500	DNA was extracted from fin clips or gill tissue with the Qiagen DNeasy Blood & Tissue Kit and libraries were prepared with the protocol described in Therkildsen & Palumbi (2017).	fastq	8467_3270_55144_HMK3YBGX2_UUM2010_075_CCTAAGAC_AAGGAGTA_R1.fastq.gz	8467_3270_55144_HMK3YBGX2_UUM2010_075_CCTAAGAC_AAGGAGTA_R2.fastq.gz
UUM2010_098	UUM2010_098_55145_7_pe	low-coverage WGS of Gadus morhua: Greenland	WGS	GENOMIC	RANDOM	paired	ILLUMINA	NextSeq 500	DNA was extracted from fin clips or gill tissue with the Qiagen DNeasy Blood & Tissue Kit and libraries were prepared with the protocol described in Therkildsen & Palumbi (2017).	fastq	8467_3270_55145_HMK3YBGX2_UUM2010_098_CGATCAGT_AAGGAGTA_R1.fastq.gz	8467_3270_55145_HMK3YBGX2_UUM2010_098_CGATCAGT_AAGGAGTA_R2.fastq.gz
KNG2011_489	KNG2011_489_55146_7_pe	low-coverage WGS of Gadus morhua: Greenland	WGS	GENOMIC	RANDOM	paired	ILLUMINA	NextSeq 500	DNA was extracted from fin clips or gill tissue with the Qiagen DNeasy Blood & Tissue Kit and libraries were prepared with the protocol described in Therkildsen & Palumbi (2017).	fastq	8467_3270_55146_HMK3YBGX2_KNG2011_489_TCGACGTC_AAGGAGTA_R1.fastq.gz	8467_3270_55146_HMK3YBGX2_KNG2011_489_TCGACGTC_AAGGAGTA_R2.fastq.gz
IKE2011_984	IKE2011_984_55148_7_pe	low-coverage WGS of Gadus morhua: Greenland	WGS	GENOMIC	RANDOM	paired	ILLUMINA	NextSeq 500	DNA was extracted from fin clips or gill tissue with the Qiagen DNeasy Blood & Tissue Kit and libraries were prepared with the protocol described in Therkildsen & Palumbi (2017).	fastq	8467_3270_55148_HMK3YBGX2_IKE2011_984_GGACTCCT_CTAAGCCT_R1.fastq.gz	8467_3270_55148_HMK3YBGX2_IKE2011_984_GGACTCCT_CTAAGCCT_R2.fastq.gz
ITV2011_628	ITV2011_628_55150_7_pe	low-coverage WGS of Gadus morhua: Greenland	WGS	GENOMIC	RANDOM	paired	ILLUMINA	NextSeq 500	DNA was extracted from fin clips or gill tissue with the Qiagen DNeasy Blood & Tissue Kit and libraries were prepared with the protocol described in Therkildsen & Palumbi (2017).	fastq	8467_3270_55150_HMK3YBGX2_ITV2011_628_CTCTCTAC_CTAAGCCT_R1.fastq.gz	8467_3270_55150_HMK3YBGX2_ITV2011_628_CTCTCTAC_CTAAGCCT_R2.fastq.gz
PAA2011_728	PAA2011_728_55151_7_pe	low-coverage WGS of Gadus morhua: Greenland	WGS	GENOMIC	RANDOM	paired	ILLUMINA	NextSeq 500	DNA was extracted from fin clips or gill tissue with the Qiagen DNeasy Blood & Tissue Kit and libraries were prepared with the protocol described in Therkildsen & Palumbi (2017).	fastq	8467_3270_55151_HMK3YBGX2_PAA2011_728_GCTACGCT_CTAAGCCT_R1.fastq.gz	8467_3270_55151_HMK3YBGX2_PAA2011_728_GCTACGCT_CTAAGCCT_R2.fastq.gz
BUK2011_012	BUK2011_012_55153_7_pe	low-coverage WGS of Gadus morhua: Greenland	WGS	GENOMIC	RANDOM	paired	ILLUMINA	NextSeq 500	DNA was extracted from fin clips or gill tissue with the Qiagen DNeasy Blood & Tissue Kit and libraries were prepared with the protocol described in Therkildsen & Palumbi (2017).	fastq	8467_3270_55153_HMK3YBGX2_BUK2011_012_ACTCGCTA_CTAAGCCT_R1.fastq.gz	8467_3270_55153_HMK3YBGX2_BUK2011_012_ACTCGCTA_CTAAGCCT_R2.fastq.gz
KNG2011_377	KNG2011_377_55155_7_pe	low-coverage WGS of Gadus morhua: Greenland	WGS	GENOMIC	RANDOM	paired	ILLUMINA	NextSeq 500	DNA was extracted from fin clips or gill tissue with the Qiagen DNeasy Blood & Tissue Kit and libraries were prepared with the protocol described in Therkildsen & Palumbi (2017).	fastq	8467_3270_55155_HMK3YBGX2_KNG2011_377_GCGTAGTA_CTAAGCCT_R1.fastq.gz	8467_3270_55155_HMK3YBGX2_KNG2011_377_GCGTAGTA_CTAAGCCT_R2.fastq.gz
NAR2008_002	NAR2008_002_55156_7_pe	low-coverage WGS of Gadus morhua: Greenland	WGS	GENOMIC	RANDOM	paired	ILLUMINA	NextSeq 500	DNA was extracted from fin clips or gill tissue with the Qiagen DNeasy Blood & Tissue Kit and libraries were prepared with the protocol described in Therkildsen & Palumbi (2017).	fastq	8467_3270_55156_HMK3YBGX2_NAR2008_002_TACGCTGC_CTAAGCCT_R1.fastq.gz	8467_3270_55156_HMK3YBGX2_NAR2008_002_TACGCTGC_CTAAGCCT_R2.fastq.gz
BUK2011_051	BUK2011_051_55157_7_pe	low-coverage WGS of Gadus morhua: Greenland	WGS	GENOMIC	RANDOM	paired	ILLUMINA	NextSeq 500	DNA was extracted from fin clips or gill tissue with the Qiagen DNeasy Blood & Tissue Kit and libraries were prepared with the protocol described in Therkildsen & Palumbi (2017).	fastq	8467_3270_55157_HMK3YBGX2_BUK2011_051_ATGCGCAG_CTAAGCCT_R1.fastq.gz	8467_3270_55157_HMK3YBGX2_BUK2011_051_ATGCGCAG_CTAAGCCT_R2.fastq.gz
UUM2010_080	UUM2010_080_55158_7_pe	low-coverage WGS of Gadus morhua: Greenland	WGS	GENOMIC	RANDOM	paired	ILLUMINA	NextSeq 500	DNA was extracted from fin clips or gill tissue with the Qiagen DNeasy Blood & Tissue Kit and libraries were prepared with the protocol described in Therkildsen & Palumbi (2017).	fastq	8467_3270_55158_HMK3YBGX2_UUM2010_080_CCTAAGAC_CTAAGCCT_R1.fastq.gz	8467_3270_55158_HMK3YBGX2_UUM2010_080_CCTAAGAC_CTAAGCCT_R2.fastq.gz
KNG2011_413	KNG2011_413_55159_7_pe	low-coverage WGS of Gadus morhua: Greenland	WGS	GENOMIC	RANDOM	paired	ILLUMINA	NextSeq 500	DNA was extracted from fin clips or gill tissue with the Qiagen DNeasy Blood & Tissue Kit and libraries were prepared with the protocol described in Therkildsen & Palumbi (2017).	fastq	8467_3270_55159_HMK3YBGX2_KNG2011_413_CGATCAGT_CTAAGCCT_R1.fastq.gz	8467_3270_55159_HMK3YBGX2_KNG2011_413_CGATCAGT_CTAAGCCT_R2.fastq.gz
KNG2011_497	KNG2011_497_55160_7_pe	low-coverage WGS of Gadus morhua: Greenland	WGS	GENOMIC	RANDOM	paired	ILLUMINA	NextSeq 500	DNA was extracted from fin clips or gill tissue with the Qiagen DNeasy Blood & Tissue Kit and libraries were prepared with the protocol described in Therkildsen & Palumbi (2017).	fastq	8467_3270_55160_HMK3YBGX2_KNG2011_497_TCGACGTC_CTAAGCCT_R1.fastq.gz	8467_3270_55160_HMK3YBGX2_KNG2011_497_TCGACGTC_CTAAGCCT_R2.fastq.gz
UUM2010_023	UUM2010_023_55162_7_pe	low-coverage WGS of Gadus morhua: Greenland	WGS	GENOMIC	RANDOM	paired	ILLUMINA	NextSeq 500	DNA was extracted from fin clips or gill tissue with the Qiagen DNeasy Blood & Tissue Kit and libraries were prepared with the protocol described in Therkildsen & Palumbi (2017).	fastq	8467_3270_55162_HMK3YBGX2_UUM2010_023_CGTACTAG_TCGACTAG_R1.fastq.gz	8467_3270_55162_HMK3YBGX2_UUM2010_023_CGTACTAG_TCGACTAG_R2.fastq.gz
BUK2011_016	BUK2011_016_55164_7_pe	low-coverage WGS of Gadus morhua: Greenland	WGS	GENOMIC	RANDOM	paired	ILLUMINA	NextSeq 500	DNA was extracted from fin clips or gill tissue with the Qiagen DNeasy Blood & Tissue Kit and libraries were prepared with the protocol described in Therkildsen & Palumbi (2017).	fastq	8467_3270_55164_HMK3YBGX2_BUK2011_016_GCGTAGTA_TCGACTAG_R1.fastq.gz	8467_3270_55164_HMK3YBGX2_BUK2011_016_GCGTAGTA_TCGACTAG_R2.fastq.gz
PAA2011_856	PAA2011_856_55165_7_pe	low-coverage WGS of Gadus morhua: Greenland	WGS	GENOMIC	RANDOM	paired	ILLUMINA	NextSeq 500	DNA was extracted from fin clips or gill tissue with the Qiagen DNeasy Blood & Tissue Kit and libraries were prepared with the protocol described in Therkildsen & Palumbi (2017).	fastq	8467_3270_55165_HMK3YBGX2_PAA2011_856_CGATCAGT_TCGACTAG_R1.fastq.gz	8467_3270_55165_HMK3YBGX2_PAA2011_856_CGATCAGT_TCGACTAG_R2.fastq.gz
QQL2011_860	QQL2011_860_55166_7_pe	low-coverage WGS of Gadus morhua: Greenland	WGS	GENOMIC	RANDOM	paired	ILLUMINA	NextSeq 500	DNA was extracted from fin clips or gill tissue with the Qiagen DNeasy Blood & Tissue Kit and libraries were prepared with the protocol described in Therkildsen & Palumbi (2017).	fastq	8467_3270_55166_HMK3YBGX2_QQL2011_860_TGCAGCTA_TCGACTAG_R1.fastq.gz	8467_3270_55166_HMK3YBGX2_QQL2011_860_TGCAGCTA_TCGACTAG_R2.fastq.gz
UUM2010_044	UUM2010_044_55167_7_pe	low-coverage WGS of Gadus morhua: Greenland	WGS	GENOMIC	RANDOM	paired	ILLUMINA	NextSeq 500	DNA was extracted from fin clips or gill tissue with the Qiagen DNeasy Blood & Tissue Kit and libraries were prepared with the protocol described in Therkildsen & Palumbi (2017).	fastq	8467_3270_55167_HMK3YBGX2_UUM2010_044_CGTACTAG_TTCTAGCT_R1.fastq.gz	8467_3270_55167_HMK3YBGX2_UUM2010_044_CGTACTAG_TTCTAGCT_R2.fastq.gz
BUK2011_021	BUK2011_021_55170_7_pe	low-coverage WGS of Gadus morhua: Greenland	WGS	GENOMIC	RANDOM	paired	ILLUMINA	NextSeq 500	DNA was extracted from fin clips or gill tissue with the Qiagen DNeasy Blood & Tissue Kit and libraries were prepared with the protocol described in Therkildsen & Palumbi (2017).	fastq	8467_3270_55170_HMK3YBGX2_BUK2011_021_GCGTAGTA_TTCTAGCT_R1.fastq.gz	8467_3270_55170_HMK3YBGX2_BUK2011_021_GCGTAGTA_TTCTAGCT_R2.fastq.gz
PAA2011_858	PAA2011_858_55171_7_pe	low-coverage WGS of Gadus morhua: Greenland	WGS	GENOMIC	RANDOM	paired	ILLUMINA	NextSeq 500	DNA was extracted from fin clips or gill tissue with the Qiagen DNeasy Blood & Tissue Kit and libraries were prepared with the protocol described in Therkildsen & Palumbi (2017).	fastq	8467_3270_55171_HMK3YBGX2_PAA2011_858_CGATCAGT_TTCTAGCT_R1.fastq.gz	8467_3270_55171_HMK3YBGX2_PAA2011_858_CGATCAGT_TTCTAGCT_R2.fastq.gz
QQL2011_864	QQL2011_864_55172_7_pe	low-coverage WGS of Gadus morhua: Greenland	WGS	GENOMIC	RANDOM	paired	ILLUMINA	NextSeq 500	DNA was extracted from fin clips or gill tissue with the Qiagen DNeasy Blood & Tissue Kit and libraries were prepared with the protocol described in Therkildsen & Palumbi (2017).	fastq	8467_3270_55172_HMK3YBGX2_QQL2011_864_TGCAGCTA_TTCTAGCT_R1.fastq.gz	8467_3270_55172_HMK3YBGX2_QQL2011_864_TGCAGCTA_TTCTAGCT_R2.fastq.gz
ATP2011_111	ATP2011_111_55173_7_pe	low-coverage WGS of Gadus morhua: Greenland	WGS	GENOMIC	RANDOM	paired	ILLUMINA	NextSeq 500	DNA was extracted from fin clips or gill tissue with the Qiagen DNeasy Blood & Tissue Kit and libraries were prepared with the protocol described in Therkildsen & Palumbi (2017).	fastq	8467_3270_55173_HMK3YBGX2_ATP2011_111_TAAGGCGA_CCTAGAGT_R1.fastq.gz	8467_3270_55173_HMK3YBGX2_ATP2011_111_TAAGGCGA_CCTAGAGT_R2.fastq.gz
UUM2010_048	UUM2010_048_55174_7_pe	low-coverage WGS of Gadus morhua: Greenland	WGS	GENOMIC	RANDOM	paired	ILLUMINA	NextSeq 500	DNA was extracted from fin clips or gill tissue with the Qiagen DNeasy Blood & Tissue Kit and libraries were prepared with the protocol described in Therkildsen & Palumbi (2017).	fastq	8467_3270_55174_HMK3YBGX2_UUM2010_048_CGTACTAG_CCTAGAGT_R1.fastq.gz	8467_3270_55174_HMK3YBGX2_UUM2010_048_CGTACTAG_CCTAGAGT_R2.fastq.gz
QQL2011_876	QQL2011_876_55178_7_pe	low-coverage WGS of Gadus morhua: Greenland	WGS	GENOMIC	RANDOM	paired	ILLUMINA	NextSeq 500	DNA was extracted from fin clips or gill tissue with the Qiagen DNeasy Blood & Tissue Kit and libraries were prepared with the protocol described in Therkildsen & Palumbi (2017).	fastq	8467_3270_55178_HMK3YBGX2_QQL2011_876_TGCAGCTA_CCTAGAGT_R1.fastq.gz	8467_3270_55178_HMK3YBGX2_QQL2011_876_TGCAGCTA_CCTAGAGT_R2.fastq.gz
ITV2011_672	ITV2011_672_55181_7_pe	low-coverage WGS of Gadus morhua: Greenland	WGS	GENOMIC	RANDOM	paired	ILLUMINA	NextSeq 500	DNA was extracted from fin clips or gill tissue with the Qiagen DNeasy Blood & Tissue Kit and libraries were prepared with the protocol described in Therkildsen & Palumbi (2017).	fastq	8467_3270_55181_HMK3YBGX2_ITV2011_672_GCTACGCT_GCGTAAGA_R1.fastq.gz	8467_3270_55181_HMK3YBGX2_ITV2011_672_GCTACGCT_GCGTAAGA_R2.fastq.gz
QQL2011_878	QQL2011_878_55185_7_pe	low-coverage WGS of Gadus morhua: Greenland	WGS	GENOMIC	RANDOM	paired	ILLUMINA	NextSeq 500	DNA was extracted from fin clips or gill tissue with the Qiagen DNeasy Blood & Tissue Kit and libraries were prepared with the protocol described in Therkildsen & Palumbi (2017).	fastq	8467_3270_55185_HMK3YBGX2_QQL2011_878_TGCAGCTA_GCGTAAGA_R1.fastq.gz	8467_3270_55185_HMK3YBGX2_QQL2011_878_TGCAGCTA_GCGTAAGA_R2.fastq.gz
ITV2011_708	ITV2011_708_55189_7_pe	low-coverage WGS of Gadus morhua: Greenland	WGS	GENOMIC	RANDOM	paired	ILLUMINA	NextSeq 500	DNA was extracted from fin clips or gill tissue with the Qiagen DNeasy Blood & Tissue Kit and libraries were prepared with the protocol described in Therkildsen & Palumbi (2017).	fastq	8467_3270_55189_HMK3YBGX2_ITV2011_708_ACTGAGCG_CTATTAAG_R1.fastq.gz	8467_3270_55189_HMK3YBGX2_ITV2011_708_ACTGAGCG_CTATTAAG_R2.fastq.gz
QQL2011_884	QQL2011_884_55191_7_pe	low-coverage WGS of Gadus morhua: Greenland	WGS	GENOMIC	RANDOM	paired	ILLUMINA	NextSeq 500	DNA was extracted from fin clips or gill tissue with the Qiagen DNeasy Blood & Tissue Kit and libraries were prepared with the protocol described in Therkildsen & Palumbi (2017).	fastq	8467_3270_55191_HMK3YBGX2_QQL2011_884_TGCAGCTA_CTATTAAG_R1.fastq.gz	8467_3270_55191_HMK3YBGX2_QQL2011_884_TGCAGCTA_CTATTAAG_R2.fastq.gz
ITV2011_714	ITV2011_714_55194_7_pe	low-coverage WGS of Gadus morhua: Greenland	WGS	GENOMIC	RANDOM	paired	ILLUMINA	NextSeq 500	DNA was extracted from fin clips or gill tissue with the Qiagen DNeasy Blood & Tissue Kit and libraries were prepared with the protocol described in Therkildsen & Palumbi (2017).	fastq	8467_3270_55194_HMK3YBGX2_ITV2011_714_ACTGAGCG_AAGGCTAT_R1.fastq.gz	8467_3270_55194_HMK3YBGX2_ITV2011_714_ACTGAGCG_AAGGCTAT_R2.fastq.gz
QQL2011_886	QQL2011_886_55196_7_pe	low-coverage WGS of Gadus morhua: Greenland	WGS	GENOMIC	RANDOM	paired	ILLUMINA	NextSeq 500	DNA was extracted from fin clips or gill tissue with the Qiagen DNeasy Blood & Tissue Kit and libraries were prepared with the protocol described in Therkildsen & Palumbi (2017).	fastq	8467_3270_55196_HMK3YBGX2_QQL2011_886_TGCAGCTA_AAGGCTAT_R1.fastq.gz	8467_3270_55196_HMK3YBGX2_QQL2011_886_TGCAGCTA_AAGGCTAT_R2.fastq.gz
ITV2011_722	ITV2011_722_55214_7_pe	low-coverage WGS of Gadus morhua: Greenland	WGS	GENOMIC	RANDOM	paired	ILLUMINA	NextSeq 500	DNA was extracted from fin clips or gill tissue with the Qiagen DNeasy Blood & Tissue Kit and libraries were prepared with the protocol described in Therkildsen & Palumbi (2017).	fastq	8467_3270_55214_HMK3YBGX2_ITV2011_722_ACTGAGCG_GAGCCTTA_R1.fastq.gz	8467_3270_55214_HMK3YBGX2_ITV2011_722_ACTGAGCG_GAGCCTTA_R2.fastq.gz
QQL2011_888	QQL2011_888_55216_7_pe	low-coverage WGS of Gadus morhua: Greenland	WGS	GENOMIC	RANDOM	paired	ILLUMINA	NextSeq 500	DNA was extracted from fin clips or gill tissue with the Qiagen DNeasy Blood & Tissue Kit and libraries were prepared with the protocol described in Therkildsen & Palumbi (2017).	fastq	8467_3270_55216_HMK3YBGX2_QQL2011_888_TGCAGCTA_GAGCCTTA_R1.fastq.gz	8467_3270_55216_HMK3YBGX2_QQL2011_888_TGCAGCTA_GAGCCTTA_R2.fastq.gz
BUK2011_015	BUK2011_015_55230_7_pe	low-coverage WGS of Gadus morhua: Greenland	WGS	GENOMIC	RANDOM	paired	ILLUMINA	NextSeq 500	DNA was extracted from fin clips or gill tissue with the Qiagen DNeasy Blood & Tissue Kit and libraries were prepared with the protocol described in Therkildsen & Palumbi (2017).	fastq	8467_3270_55230_HMK3YBGX2_BUK2011_015_GGAGCTAC_TTATGCGA_R1.fastq.gz	8467_3270_55230_HMK3YBGX2_BUK2011_015_GGAGCTAC_TTATGCGA_R2.fastq.gz
ITV2011_782	ITV2011_782_55236_7_pe	low-coverage WGS of Gadus morhua: Greenland	WGS	GENOMIC	RANDOM	paired	ILLUMINA	NextSeq 500	DNA was extracted from fin clips or gill tissue with the Qiagen DNeasy Blood & Tissue Kit and libraries were prepared with the protocol described in Therkildsen & Palumbi (2017).	fastq	8467_3270_55236_HMK3YBGX2_ITV2011_782_ACTGAGCG_TTATGCGA_R1.fastq.gz	8467_3270_55236_HMK3YBGX2_ITV2011_782_ACTGAGCG_TTATGCGA_R2.fastq.gz
QQL2011_892	QQL2011_892_55239_7_pe	low-coverage WGS of Gadus morhua: Greenland	WGS	GENOMIC	RANDOM	paired	ILLUMINA	NextSeq 500	DNA was extracted from fin clips or gill tissue with the Qiagen DNeasy Blood & Tissue Kit and libraries were prepared with the protocol described in Therkildsen & Palumbi (2017).	fastq	8467_3270_55239_HMK3YBGX2_QQL2011_892_TGCAGCTA_TTATGCGA_R1.fastq.gz	8467_3270_55239_HMK3YBGX2_QQL2011_892_TGCAGCTA_TTATGCGA_R2.fastq.gz
PAA2011_824	PAA2011_824_14247X100_3_se	low-coverage WGS of Gadus morhua: Greenland	WGS	GENOMIC	RANDOM	single	ILLUMINA	Illumina HiSeq 2500	DNA was extracted from fin clips or gill tissue with the Qiagen DNeasy Blood & Tissue Kit and libraries were prepared with the protocol described in Therkildsen & Palumbi (2017).	fastq	14247X100_170428_D00550_0430_BCAPNHANXX_3.txt.gz	
IKE2011_032	IKE2011_032_14247X101_3_se	low-coverage WGS of Gadus morhua: Greenland	WGS	GENOMIC	RANDOM	single	ILLUMINA	Illumina HiSeq 2500	DNA was extracted from fin clips or gill tissue with the Qiagen DNeasy Blood & Tissue Kit and libraries were prepared with the protocol described in Therkildsen & Palumbi (2017).	fastq	14247X101_170428_D00550_0430_BCAPNHANXX_3.txt.gz	
ITV2011_674	ITV2011_674_14247X103_3_se	low-coverage WGS of Gadus morhua: Greenland	WGS	GENOMIC	RANDOM	single	ILLUMINA	Illumina HiSeq 2500	DNA was extracted from fin clips or gill tissue with the Qiagen DNeasy Blood & Tissue Kit and libraries were prepared with the protocol described in Therkildsen & Palumbi (2017).	fastq	14247X103_170428_D00550_0430_BCAPNHANXX_3.txt.gz	
PAA2011_826	PAA2011_826_14247X104_3_se	low-coverage WGS of Gadus morhua: Greenland	WGS	GENOMIC	RANDOM	single	ILLUMINA	Illumina HiSeq 2500	DNA was extracted from fin clips or gill tissue with the Qiagen DNeasy Blood & Tissue Kit and libraries were prepared with the protocol described in Therkildsen & Palumbi (2017).	fastq	14247X104_170428_D00550_0430_BCAPNHANXX_3.txt.gz	
ITV2011_676	ITV2011_676_14247X107_3_se	low-coverage WGS of Gadus morhua: Greenland	WGS	GENOMIC	RANDOM	single	ILLUMINA	Illumina HiSeq 2500	DNA was extracted from fin clips or gill tissue with the Qiagen DNeasy Blood & Tissue Kit and libraries were prepared with the protocol described in Therkildsen & Palumbi (2017).	fastq	14247X107_170428_D00550_0430_BCAPNHANXX_3.txt.gz	
PAA2011_854	PAA2011_854_14247X108_3_se	low-coverage WGS of Gadus morhua: Greenland	WGS	GENOMIC	RANDOM	single	ILLUMINA	Illumina HiSeq 2500	DNA was extracted from fin clips or gill tissue with the Qiagen DNeasy Blood & Tissue Kit and libraries were prepared with the protocol described in Therkildsen & Palumbi (2017).	fastq	14247X108_170428_D00550_0430_BCAPNHANXX_3.txt.gz	
KNG2011_399	KNG2011_399_14247X109_4_se	low-coverage WGS of Gadus morhua: Greenland	WGS	GENOMIC	RANDOM	single	ILLUMINA	Illumina HiSeq 2500	DNA was extracted from fin clips or gill tissue with the Qiagen DNeasy Blood & Tissue Kit and libraries were prepared with the protocol described in Therkildsen & Palumbi (2017).	fastq	14247X109_170428_D00550_0430_BCAPNHANXX_4.txt.gz	
UUM2010_084	UUM2010_084_14247X111_4_se	low-coverage WGS of Gadus morhua: Greenland	WGS	GENOMIC	RANDOM	single	ILLUMINA	Illumina HiSeq 2500	DNA was extracted from fin clips or gill tissue with the Qiagen DNeasy Blood & Tissue Kit and libraries were prepared with the protocol described in Therkildsen & Palumbi (2017).	fastq	14247X111_170428_D00550_0430_BCAPNHANXX_4.txt.gz	
KNG2011_401	KNG2011_401_14247X112_4_se	low-coverage WGS of Gadus morhua: Greenland	WGS	GENOMIC	RANDOM	single	ILLUMINA	Illumina HiSeq 2500	DNA was extracted from fin clips or gill tissue with the Qiagen DNeasy Blood & Tissue Kit and libraries were prepared with the protocol described in Therkildsen & Palumbi (2017).	fastq	14247X112_170428_D00550_0430_BCAPNHANXX_4.txt.gz	
UUM2010_054	UUM2010_054_14247X114_4_se	low-coverage WGS of Gadus morhua: Greenland	WGS	GENOMIC	RANDOM	single	ILLUMINA	Illumina HiSeq 2500	DNA was extracted from fin clips or gill tissue with the Qiagen DNeasy Blood & Tissue Kit and libraries were prepared with the protocol described in Therkildsen & Palumbi (2017).	fastq	14247X114_170428_D00550_0430_BCAPNHANXX_4.txt.gz	
KNG2011_385	KNG2011_385_14247X115_4_se	low-coverage WGS of Gadus morhua: Greenland	WGS	GENOMIC	RANDOM	single	ILLUMINA	Illumina HiSeq 2500	DNA was extracted from fin clips or gill tissue with the Qiagen DNeasy Blood & Tissue Kit and libraries were prepared with the protocol described in Therkildsen & Palumbi (2017).	fastq	14247X115_170428_D00550_0430_BCAPNHANXX_4.txt.gz	
KNG2011_405	KNG2011_405_14247X116_4_se	low-coverage WGS of Gadus morhua: Greenland	WGS	GENOMIC	RANDOM	single	ILLUMINA	Illumina HiSeq 2500	DNA was extracted from fin clips or gill tissue with the Qiagen DNeasy Blood & Tissue Kit and libraries were prepared with the protocol described in Therkildsen & Palumbi (2017).	fastq	14247X116_170428_D00550_0430_BCAPNHANXX_4.txt.gz	
KNG2011_387	KNG2011_387_14247X120_4_se	low-coverage WGS of Gadus morhua: Greenland	WGS	GENOMIC	RANDOM	single	ILLUMINA	Illumina HiSeq 2500	DNA was extracted from fin clips or gill tissue with the Qiagen DNeasy Blood & Tissue Kit and libraries were prepared with the protocol described in Therkildsen & Palumbi (2017).	fastq	14247X120_170428_D00550_0430_BCAPNHANXX_4.txt.gz	
KNG2011_407	KNG2011_407_14247X121_4_se	low-coverage WGS of Gadus morhua: Greenland	WGS	GENOMIC	RANDOM	single	ILLUMINA	Illumina HiSeq 2500	DNA was extracted from fin clips or gill tissue with the Qiagen DNeasy Blood & Tissue Kit and libraries were prepared with the protocol described in Therkildsen & Palumbi (2017).	fastq	14247X121_170428_D00550_0430_BCAPNHANXX_4.txt.gz	
UUM2010_069	UUM2010_069_14247X122_4_se	low-coverage WGS of Gadus morhua: Greenland	WGS	GENOMIC	RANDOM	single	ILLUMINA	Illumina HiSeq 2500	DNA was extracted from fin clips or gill tissue with the Qiagen DNeasy Blood & Tissue Kit and libraries were prepared with the protocol described in Therkildsen & Palumbi (2017).	fastq	14247X122_170428_D00550_0430_BCAPNHANXX_4.txt.gz	
KNG2011_391	KNG2011_391_14247X124_4_se	low-coverage WGS of Gadus morhua: Greenland	WGS	GENOMIC	RANDOM	single	ILLUMINA	Illumina HiSeq 2500	DNA was extracted from fin clips or gill tissue with the Qiagen DNeasy Blood & Tissue Kit and libraries were prepared with the protocol described in Therkildsen & Palumbi (2017).	fastq	14247X124_170428_D00550_0430_BCAPNHANXX_4.txt.gz	
KNG2011_411	KNG2011_411_14247X125_4_se	low-coverage WGS of Gadus morhua: Greenland	WGS	GENOMIC	RANDOM	single	ILLUMINA	Illumina HiSeq 2500	DNA was extracted from fin clips or gill tissue with the Qiagen DNeasy Blood & Tissue Kit and libraries were prepared with the protocol described in Therkildsen & Palumbi (2017).	fastq	14247X125_170428_D00550_0430_BCAPNHANXX_4.txt.gz	
KNG2011_393	KNG2011_393_14247X127_4_se	low-coverage WGS of Gadus morhua: Greenland	WGS	GENOMIC	RANDOM	single	ILLUMINA	Illumina HiSeq 2500	DNA was extracted from fin clips or gill tissue with the Qiagen DNeasy Blood & Tissue Kit and libraries were prepared with the protocol described in Therkildsen & Palumbi (2017).	fastq	14247X127_170428_D00550_0430_BCAPNHANXX_4.txt.gz	
ATP2011_123	ATP2011_123_14247X128_4_se	low-coverage WGS of Gadus morhua: Greenland	WGS	GENOMIC	RANDOM	single	ILLUMINA	Illumina HiSeq 2500	DNA was extracted from fin clips or gill tissue with the Qiagen DNeasy Blood & Tissue Kit and libraries were prepared with the protocol described in Therkildsen & Palumbi (2017).	fastq	14247X128_170428_D00550_0430_BCAPNHANXX_4.txt.gz	
KNG2011_397	KNG2011_397_14247X129_4_se	low-coverage WGS of Gadus morhua: Greenland	WGS	GENOMIC	RANDOM	single	ILLUMINA	Illumina HiSeq 2500	DNA was extracted from fin clips or gill tissue with the Qiagen DNeasy Blood & Tissue Kit and libraries were prepared with the protocol described in Therkildsen & Palumbi (2017).	fastq	14247X129_170428_D00550_0430_BCAPNHANXX_4.txt.gz	
ATP2011_124	ATP2011_124_14247X130_4_se	low-coverage WGS of Gadus morhua: Greenland	WGS	GENOMIC	RANDOM	single	ILLUMINA	Illumina HiSeq 2500	DNA was extracted from fin clips or gill tissue with the Qiagen DNeasy Blood & Tissue Kit and libraries were prepared with the protocol described in Therkildsen & Palumbi (2017).	fastq	14247X130_170428_D00550_0430_BCAPNHANXX_4.txt.gz	
ATP2011_139	ATP2011_139_14247X131_4_se	low-coverage WGS of Gadus morhua: Greenland	WGS	GENOMIC	RANDOM	single	ILLUMINA	Illumina HiSeq 2500	DNA was extracted from fin clips or gill tissue with the Qiagen DNeasy Blood & Tissue Kit and libraries were prepared with the protocol described in Therkildsen & Palumbi (2017).	fastq	14247X131_170428_D00550_0430_BCAPNHANXX_4.txt.gz	
KNG2011_415	KNG2011_415_14247X145_5_se	low-coverage WGS of Gadus morhua: Greenland	WGS	GENOMIC	RANDOM	single	ILLUMINA	Illumina HiSeq 2500	DNA was extracted from fin clips or gill tissue with the Qiagen DNeasy Blood & Tissue Kit and libraries were prepared with the protocol described in Therkildsen & Palumbi (2017).	fastq	14247X145_170428_D00550_0430_BCAPNHANXX_5.txt.gz	
UUM2010_085	UUM2010_085_14247X146_5_se	low-coverage WGS of Gadus morhua: Greenland	WGS	GENOMIC	RANDOM	single	ILLUMINA	Illumina HiSeq 2500	DNA was extracted from fin clips or gill tissue with the Qiagen DNeasy Blood & Tissue Kit and libraries were prepared with the protocol described in Therkildsen & Palumbi (2017).	fastq	14247X146_170428_D00550_0430_BCAPNHANXX_5.txt.gz	
KNG2011_417	KNG2011_417_14247X147_5_se	low-coverage WGS of Gadus morhua: Greenland	WGS	GENOMIC	RANDOM	single	ILLUMINA	Illumina HiSeq 2500	DNA was extracted from fin clips or gill tissue with the Qiagen DNeasy Blood & Tissue Kit and libraries were prepared with the protocol described in Therkildsen & Palumbi (2017).	fastq	14247X147_170428_D00550_0430_BCAPNHANXX_5.txt.gz	
UUM2010_087	UUM2010_087_14247X148_5_se	low-coverage WGS of Gadus morhua: Greenland	WGS	GENOMIC	RANDOM	single	ILLUMINA	Illumina HiSeq 2500	DNA was extracted from fin clips or gill tissue with the Qiagen DNeasy Blood & Tissue Kit and libraries were prepared with the protocol described in Therkildsen & Palumbi (2017).	fastq	14247X148_170428_D00550_0430_BCAPNHANXX_5.txt.gz	
KNG2011_421	KNG2011_421_14247X149_5_se	low-coverage WGS of Gadus morhua: Greenland	WGS	GENOMIC	RANDOM	single	ILLUMINA	Illumina HiSeq 2500	DNA was extracted from fin clips or gill tissue with the Qiagen DNeasy Blood & Tissue Kit and libraries were prepared with the protocol described in Therkildsen & Palumbi (2017).	fastq	14247X149_170428_D00550_0430_BCAPNHANXX_5.txt.gz	
ITV2011_646	ITV2011_646_14247X15_1_se	low-coverage WGS of Gadus morhua: Greenland	WGS	GENOMIC	RANDOM	single	ILLUMINA	Illumina HiSeq 2500	DNA was extracted from fin clips or gill tissue with the Qiagen DNeasy Blood & Tissue Kit and libraries were prepared with the protocol described in Therkildsen & Palumbi (2017).	fastq	14247X15_170428_D00550_0430_BCAPNHANXX_1.txt.gz	
UUM2010_095	UUM2010_095_14247X150_5_se	low-coverage WGS of Gadus morhua: Greenland	WGS	GENOMIC	RANDOM	single	ILLUMINA	Illumina HiSeq 2500	DNA was extracted from fin clips or gill tissue with the Qiagen DNeasy Blood & Tissue Kit and libraries were prepared with the protocol described in Therkildsen & Palumbi (2017).	fastq	14247X150_170428_D00550_0430_BCAPNHANXX_5.txt.gz	
KNG2011_423	KNG2011_423_14247X151_5_se	low-coverage WGS of Gadus morhua: Greenland	WGS	GENOMIC	RANDOM	single	ILLUMINA	Illumina HiSeq 2500	DNA was extracted from fin clips or gill tissue with the Qiagen DNeasy Blood & Tissue Kit and libraries were prepared with the protocol described in Therkildsen & Palumbi (2017).	fastq	14247X151_170428_D00550_0430_BCAPNHANXX_5.txt.gz	
KNG2011_427	KNG2011_427_14247X152_5_se	low-coverage WGS of Gadus morhua: Greenland	WGS	GENOMIC	RANDOM	single	ILLUMINA	Illumina HiSeq 2500	DNA was extracted from fin clips or gill tissue with the Qiagen DNeasy Blood & Tissue Kit and libraries were prepared with the protocol described in Therkildsen & Palumbi (2017).	fastq	14247X152_170428_D00550_0430_BCAPNHANXX_5.txt.gz	
KNG2011_429	KNG2011_429_14247X153_5_se	low-coverage WGS of Gadus morhua: Greenland	WGS	GENOMIC	RANDOM	single	ILLUMINA	Illumina HiSeq 2500	DNA was extracted from fin clips or gill tissue with the Qiagen DNeasy Blood & Tissue Kit and libraries were prepared with the protocol described in Therkildsen & Palumbi (2017).	fastq	14247X153_170428_D00550_0430_BCAPNHANXX_5.txt.gz	
KNG2011_431	KNG2011_431_14247X154_5_se	low-coverage WGS of Gadus morhua: Greenland	WGS	GENOMIC	RANDOM	single	ILLUMINA	Illumina HiSeq 2500	DNA was extracted from fin clips or gill tissue with the Qiagen DNeasy Blood & Tissue Kit and libraries were prepared with the protocol described in Therkildsen & Palumbi (2017).	fastq	14247X154_170428_D00550_0430_BCAPNHANXX_5.txt.gz	
ATP2011_127	ATP2011_127_14247X172_5_se	low-coverage WGS of Gadus morhua: Greenland	WGS	GENOMIC	RANDOM	single	ILLUMINA	Illumina HiSeq 2500	DNA was extracted from fin clips or gill tissue with the Qiagen DNeasy Blood & Tissue Kit and libraries were prepared with the protocol described in Therkildsen & Palumbi (2017).	fastq	14247X172_170428_D00550_0430_BCAPNHANXX_5.txt.gz	
ATP2011_129	ATP2011_129_14247X177_5_se	low-coverage WGS of Gadus morhua: Greenland	WGS	GENOMIC	RANDOM	single	ILLUMINA	Illumina HiSeq 2500	DNA was extracted from fin clips or gill tissue with the Qiagen DNeasy Blood & Tissue Kit and libraries were prepared with the protocol described in Therkildsen & Palumbi (2017).	fastq	14247X177_170428_D00550_0430_BCAPNHANXX_5.txt.gz	
UUM2010_026	UUM2010_026_14247X182_6_se	low-coverage WGS of Gadus morhua: Greenland	WGS	GENOMIC	RANDOM	single	ILLUMINA	Illumina HiSeq 2500	DNA was extracted from fin clips or gill tissue with the Qiagen DNeasy Blood & Tissue Kit and libraries were prepared with the protocol described in Therkildsen & Palumbi (2017).	fastq	14247X182_170428_D00550_0430_BCAPNHANXX_6.txt.gz	
ATP2011_118	ATP2011_118_14247X184_6_se	low-coverage WGS of Gadus morhua: Greenland	WGS	GENOMIC	RANDOM	single	ILLUMINA	Illumina HiSeq 2500	DNA was extracted from fin clips or gill tissue with the Qiagen DNeasy Blood & Tissue Kit and libraries were prepared with the protocol described in Therkildsen & Palumbi (2017).	fastq	14247X184_170428_D00550_0430_BCAPNHANXX_6.txt.gz	
UUM2010_030	UUM2010_030_14247X187_6_se	low-coverage WGS of Gadus morhua: Greenland	WGS	GENOMIC	RANDOM	single	ILLUMINA	Illumina HiSeq 2500	DNA was extracted from fin clips or gill tissue with the Qiagen DNeasy Blood & Tissue Kit and libraries were prepared with the protocol described in Therkildsen & Palumbi (2017).	fastq	14247X187_170428_D00550_0430_BCAPNHANXX_6.txt.gz	
ATP2011_126	ATP2011_126_14247X189_6_se	low-coverage WGS of Gadus morhua: Greenland	WGS	GENOMIC	RANDOM	single	ILLUMINA	Illumina HiSeq 2500	DNA was extracted from fin clips or gill tissue with the Qiagen DNeasy Blood & Tissue Kit and libraries were prepared with the protocol described in Therkildsen & Palumbi (2017).	fastq	14247X189_170428_D00550_0430_BCAPNHANXX_6.txt.gz	
ITV2011_648	ITV2011_648_14247X19_1_se	low-coverage WGS of Gadus morhua: Greenland	WGS	GENOMIC	RANDOM	single	ILLUMINA	Illumina HiSeq 2500	DNA was extracted from fin clips or gill tissue with the Qiagen DNeasy Blood & Tissue Kit and libraries were prepared with the protocol described in Therkildsen & Palumbi (2017).	fastq	14247X19_170428_D00550_0430_BCAPNHANXX_1.txt.gz	
NAR2008_042	NAR2008_042_14247X190_6_se	low-coverage WGS of Gadus morhua: Greenland	WGS	GENOMIC	RANDOM	single	ILLUMINA	Illumina HiSeq 2500	DNA was extracted from fin clips or gill tissue with the Qiagen DNeasy Blood & Tissue Kit and libraries were prepared with the protocol described in Therkildsen & Palumbi (2017).	fastq	14247X190_170428_D00550_0430_BCAPNHANXX_6.txt.gz	
ATP2011_104	ATP2011_104_14247X191_6_se	low-coverage WGS of Gadus morhua: Greenland	WGS	GENOMIC	RANDOM	single	ILLUMINA	Illumina HiSeq 2500	DNA was extracted from fin clips or gill tissue with the Qiagen DNeasy Blood & Tissue Kit and libraries were prepared with the protocol described in Therkildsen & Palumbi (2017).	fastq	14247X191_170428_D00550_0430_BCAPNHANXX_6.txt.gz	
NAR2008_028	NAR2008_028_14247X192_6_se	low-coverage WGS of Gadus morhua: Greenland	WGS	GENOMIC	RANDOM	single	ILLUMINA	Illumina HiSeq 2500	DNA was extracted from fin clips or gill tissue with the Qiagen DNeasy Blood & Tissue Kit and libraries were prepared with the protocol described in Therkildsen & Palumbi (2017).	fastq	14247X192_170428_D00550_0430_BCAPNHANXX_6.txt.gz	
UUM2010_055	UUM2010_055_14247X194_6_se	low-coverage WGS of Gadus morhua: Greenland	WGS	GENOMIC	RANDOM	single	ILLUMINA	Illumina HiSeq 2500	DNA was extracted from fin clips or gill tissue with the Qiagen DNeasy Blood & Tissue Kit and libraries were prepared with the protocol described in Therkildsen & Palumbi (2017).	fastq	14247X194_170428_D00550_0430_BCAPNHANXX_6.txt.gz	
NAR2008_043	NAR2008_043_14247X195_6_se	low-coverage WGS of Gadus morhua: Greenland	WGS	GENOMIC	RANDOM	single	ILLUMINA	Illumina HiSeq 2500	DNA was extracted from fin clips or gill tissue with the Qiagen DNeasy Blood & Tissue Kit and libraries were prepared with the protocol described in Therkildsen & Palumbi (2017).	fastq	14247X195_170428_D00550_0430_BCAPNHANXX_6.txt.gz	
NAR2008_029	NAR2008_029_14247X198_6_se	low-coverage WGS of Gadus morhua: Greenland	WGS	GENOMIC	RANDOM	single	ILLUMINA	Illumina HiSeq 2500	DNA was extracted from fin clips or gill tissue with the Qiagen DNeasy Blood & Tissue Kit and libraries were prepared with the protocol described in Therkildsen & Palumbi (2017).	fastq	14247X198_170428_D00550_0430_BCAPNHANXX_6.txt.gz	
BUK2011_008	BUK2011_008_14247X2_1_se	low-coverage WGS of Gadus morhua: Greenland	WGS	GENOMIC	RANDOM	single	ILLUMINA	Illumina HiSeq 2500	DNA was extracted from fin clips or gill tissue with the Qiagen DNeasy Blood & Tissue Kit and libraries were prepared with the protocol described in Therkildsen & Palumbi (2017).	fastq	14247X2_170428_D00550_0430_BCAPNHANXX_1.txt.gz	
UUM2010_064	UUM2010_064_14247X200_6_se	low-coverage WGS of Gadus morhua: Greenland	WGS	GENOMIC	RANDOM	single	ILLUMINA	Illumina HiSeq 2500	DNA was extracted from fin clips or gill tissue with the Qiagen DNeasy Blood & Tissue Kit and libraries were prepared with the protocol described in Therkildsen & Palumbi (2017).	fastq	14247X200_170428_D00550_0430_BCAPNHANXX_6.txt.gz	
NAR2008_047	NAR2008_047_14247X201_6_se	low-coverage WGS of Gadus morhua: Greenland	WGS	GENOMIC	RANDOM	single	ILLUMINA	Illumina HiSeq 2500	DNA was extracted from fin clips or gill tissue with the Qiagen DNeasy Blood & Tissue Kit and libraries were prepared with the protocol described in Therkildsen & Palumbi (2017).	fastq	14247X201_170428_D00550_0430_BCAPNHANXX_6.txt.gz	
UUM2010_001	UUM2010_001_14247X203_6_se	low-coverage WGS of Gadus morhua: Greenland	WGS	GENOMIC	RANDOM	single	ILLUMINA	Illumina HiSeq 2500	DNA was extracted from fin clips or gill tissue with the Qiagen DNeasy Blood & Tissue Kit and libraries were prepared with the protocol described in Therkildsen & Palumbi (2017).	fastq	14247X203_170428_D00550_0430_BCAPNHANXX_6.txt.gz	
NAR2008_044	NAR2008_044_14247X204_6_se	low-coverage WGS of Gadus morhua: Greenland	WGS	GENOMIC	RANDOM	single	ILLUMINA	Illumina HiSeq 2500	DNA was extracted from fin clips or gill tissue with the Qiagen DNeasy Blood & Tissue Kit and libraries were prepared with the protocol described in Therkildsen & Palumbi (2017).	fastq	14247X204_170428_D00550_0430_BCAPNHANXX_6.txt.gz	
UUM2010_003	UUM2010_003_14247X208_6_se	low-coverage WGS of Gadus morhua: Greenland	WGS	GENOMIC	RANDOM	single	ILLUMINA	Illumina HiSeq 2500	DNA was extracted from fin clips or gill tissue with the Qiagen DNeasy Blood & Tissue Kit and libraries were prepared with the protocol described in Therkildsen & Palumbi (2017).	fastq	14247X208_170428_D00550_0430_BCAPNHANXX_6.txt.gz	
NAR2008_050	NAR2008_050_14247X209_6_se	low-coverage WGS of Gadus morhua: Greenland	WGS	GENOMIC	RANDOM	single	ILLUMINA	Illumina HiSeq 2500	DNA was extracted from fin clips or gill tissue with the Qiagen DNeasy Blood & Tissue Kit and libraries were prepared with the protocol described in Therkildsen & Palumbi (2017).	fastq	14247X209_170428_D00550_0430_BCAPNHANXX_6.txt.gz	
NAR2008_035	NAR2008_035_14247X211_6_se	low-coverage WGS of Gadus morhua: Greenland	WGS	GENOMIC	RANDOM	single	ILLUMINA	Illumina HiSeq 2500	DNA was extracted from fin clips or gill tissue with the Qiagen DNeasy Blood & Tissue Kit and libraries were prepared with the protocol described in Therkildsen & Palumbi (2017).	fastq	14247X211_170428_D00550_0430_BCAPNHANXX_6.txt.gz	
UUM2010_011	UUM2010_011_14247X213_6_se	low-coverage WGS of Gadus morhua: Greenland	WGS	GENOMIC	RANDOM	single	ILLUMINA	Illumina HiSeq 2500	DNA was extracted from fin clips or gill tissue with the Qiagen DNeasy Blood & Tissue Kit and libraries were prepared with the protocol described in Therkildsen & Palumbi (2017).	fastq	14247X213_170428_D00550_0430_BCAPNHANXX_6.txt.gz	
NAR2008_051	NAR2008_051_14247X214_6_se	low-coverage WGS of Gadus morhua: Greenland	WGS	GENOMIC	RANDOM	single	ILLUMINA	Illumina HiSeq 2500	DNA was extracted from fin clips or gill tissue with the Qiagen DNeasy Blood & Tissue Kit and libraries were prepared with the protocol described in Therkildsen & Palumbi (2017).	fastq	14247X214_170428_D00550_0430_BCAPNHANXX_6.txt.gz	
ATP2011_117	ATP2011_117_14247X215_6_se	low-coverage WGS of Gadus morhua: Greenland	WGS	GENOMIC	RANDOM	single	ILLUMINA	Illumina HiSeq 2500	DNA was extracted from fin clips or gill tissue with the Qiagen DNeasy Blood & Tissue Kit and libraries were prepared with the protocol described in Therkildsen & Palumbi (2017).	fastq	14247X215_170428_D00550_0430_BCAPNHANXX_6.txt.gz	
ITV2011_652	ITV2011_652_14247X22_1_se	low-coverage WGS of Gadus morhua: Greenland	WGS	GENOMIC	RANDOM	single	ILLUMINA	Illumina HiSeq 2500	DNA was extracted from fin clips or gill tissue with the Qiagen DNeasy Blood & Tissue Kit and libraries were prepared with the protocol described in Therkildsen & Palumbi (2017).	fastq	14247X22_170428_D00550_0430_BCAPNHANXX_1.txt.gz	
QQL2011_842	QQL2011_842_14247X225_1_se	low-coverage WGS of Gadus morhua: Greenland	WGS	GENOMIC	RANDOM	single	ILLUMINA	Illumina HiSeq 2500	DNA was extracted from fin clips or gill tissue with the Qiagen DNeasy Blood & Tissue Kit and libraries were prepared with the protocol described in Therkildsen & Palumbi (2017).	fastq	14247X225_170428_D00550_0430_BCAPNHANXX_1.txt.gz	
QQL2011_844	QQL2011_844_14247X226_1_se	low-coverage WGS of Gadus morhua: Greenland	WGS	GENOMIC	RANDOM	single	ILLUMINA	Illumina HiSeq 2500	DNA was extracted from fin clips or gill tissue with the Qiagen DNeasy Blood & Tissue Kit and libraries were prepared with the protocol described in Therkildsen & Palumbi (2017).	fastq	14247X226_170428_D00550_0430_BCAPNHANXX_1.txt.gz	
QQL2011_852	QQL2011_852_14247X228_1_se	low-coverage WGS of Gadus morhua: Greenland	WGS	GENOMIC	RANDOM	single	ILLUMINA	Illumina HiSeq 2500	DNA was extracted from fin clips or gill tissue with the Qiagen DNeasy Blood & Tissue Kit and libraries were prepared with the protocol described in Therkildsen & Palumbi (2017).	fastq	14247X228_170428_D00550_0430_BCAPNHANXX_1.txt.gz	
QQL2011_846	QQL2011_846_14247X232_1_se	low-coverage WGS of Gadus morhua: Greenland	WGS	GENOMIC	RANDOM	single	ILLUMINA	Illumina HiSeq 2500	DNA was extracted from fin clips or gill tissue with the Qiagen DNeasy Blood & Tissue Kit and libraries were prepared with the protocol described in Therkildsen & Palumbi (2017).	fastq	14247X232_170428_D00550_0430_BCAPNHANXX_1.txt.gz	
ITV2011_658	ITV2011_658_14247X26_1_se	low-coverage WGS of Gadus morhua: Greenland	WGS	GENOMIC	RANDOM	single	ILLUMINA	Illumina HiSeq 2500	DNA was extracted from fin clips or gill tissue with the Qiagen DNeasy Blood & Tissue Kit and libraries were prepared with the protocol described in Therkildsen & Palumbi (2017).	fastq	14247X26_170428_D00550_0430_BCAPNHANXX_1.txt.gz	
ITV2011_660	ITV2011_660_14247X30_1_se	low-coverage WGS of Gadus morhua: Greenland	WGS	GENOMIC	RANDOM	single	ILLUMINA	Illumina HiSeq 2500	DNA was extracted from fin clips or gill tissue with the Qiagen DNeasy Blood & Tissue Kit and libraries were prepared with the protocol described in Therkildsen & Palumbi (2017).	fastq	14247X30_170428_D00550_0430_BCAPNHANXX_1.txt.gz	
BUK2011_005	BUK2011_005_14247X32_1_se	low-coverage WGS of Gadus morhua: Greenland	WGS	GENOMIC	RANDOM	single	ILLUMINA	Illumina HiSeq 2500	DNA was extracted from fin clips or gill tissue with the Qiagen DNeasy Blood & Tissue Kit and libraries were prepared with the protocol described in Therkildsen & Palumbi (2017).	fastq	14247X32_170428_D00550_0430_BCAPNHANXX_1.txt.gz	
ITV2011_630	ITV2011_630_14247X36_1_se	low-coverage WGS of Gadus morhua: Greenland	WGS	GENOMIC	RANDOM	single	ILLUMINA	Illumina HiSeq 2500	DNA was extracted from fin clips or gill tissue with the Qiagen DNeasy Blood & Tissue Kit and libraries were prepared with the protocol described in Therkildsen & Palumbi (2017).	fastq	14247X36_170428_D00550_0430_BCAPNHANXX_1.txt.gz	
QQL2011_828	QQL2011_828_14247X37_2_se	low-coverage WGS of Gadus morhua: Greenland	WGS	GENOMIC	RANDOM	single	ILLUMINA	Illumina HiSeq 2500	DNA was extracted from fin clips or gill tissue with the Qiagen DNeasy Blood & Tissue Kit and libraries were prepared with the protocol described in Therkildsen & Palumbi (2017).	fastq	14247X37_170428_D00550_0430_BCAPNHANXX_2.txt.gz	
QQL2011_832	QQL2011_832_14247X39_2_se	low-coverage WGS of Gadus morhua: Greenland	WGS	GENOMIC	RANDOM	single	ILLUMINA	Illumina HiSeq 2500	DNA was extracted from fin clips or gill tissue with the Qiagen DNeasy Blood & Tissue Kit and libraries were prepared with the protocol described in Therkildsen & Palumbi (2017).	fastq	14247X39_170428_D00550_0430_BCAPNHANXX_2.txt.gz	
QQL2011_852	QQL2011_852_14247X40_2_se	low-coverage WGS of Gadus morhua: Greenland	WGS	GENOMIC	RANDOM	single	ILLUMINA	Illumina HiSeq 2500	DNA was extracted from fin clips or gill tissue with the Qiagen DNeasy Blood & Tissue Kit and libraries were prepared with the protocol described in Therkildsen & Palumbi (2017).	fastq	14247X40_170428_D00550_0430_BCAPNHANXX_2.txt.gz	
QQL2011_836	QQL2011_836_14247X41_2_se	low-coverage WGS of Gadus morhua: Greenland	WGS	GENOMIC	RANDOM	single	ILLUMINA	Illumina HiSeq 2500	DNA was extracted from fin clips or gill tissue with the Qiagen DNeasy Blood & Tissue Kit and libraries were prepared with the protocol described in Therkildsen & Palumbi (2017).	fastq	14247X41_170428_D00550_0430_BCAPNHANXX_2.txt.gz	
QQL2011_838	QQL2011_838_14247X43_2_se	low-coverage WGS of Gadus morhua: Greenland	WGS	GENOMIC	RANDOM	single	ILLUMINA	Illumina HiSeq 2500	DNA was extracted from fin clips or gill tissue with the Qiagen DNeasy Blood & Tissue Kit and libraries were prepared with the protocol described in Therkildsen & Palumbi (2017).	fastq	14247X43_170428_D00550_0430_BCAPNHANXX_2.txt.gz	
QQL2011_840	QQL2011_840_14247X45_2_se	low-coverage WGS of Gadus morhua: Greenland	WGS	GENOMIC	RANDOM	single	ILLUMINA	Illumina HiSeq 2500	DNA was extracted from fin clips or gill tissue with the Qiagen DNeasy Blood & Tissue Kit and libraries were prepared with the protocol described in Therkildsen & Palumbi (2017).	fastq	14247X45_170428_D00550_0430_BCAPNHANXX_2.txt.gz	
QQL2011_842	QQL2011_842_14247X47_2_se	low-coverage WGS of Gadus morhua: Greenland	WGS	GENOMIC	RANDOM	single	ILLUMINA	Illumina HiSeq 2500	DNA was extracted from fin clips or gill tissue with the Qiagen DNeasy Blood & Tissue Kit and libraries were prepared with the protocol described in Therkildsen & Palumbi (2017).	fastq	14247X47_170428_D00550_0430_BCAPNHANXX_2.txt.gz	
QQL2011_844	QQL2011_844_14247X49_2_se	low-coverage WGS of Gadus morhua: Greenland	WGS	GENOMIC	RANDOM	single	ILLUMINA	Illumina HiSeq 2500	DNA was extracted from fin clips or gill tissue with the Qiagen DNeasy Blood & Tissue Kit and libraries were prepared with the protocol described in Therkildsen & Palumbi (2017).	fastq	14247X49_170428_D00550_0430_BCAPNHANXX_2.txt.gz	
ITV2011_636	ITV2011_636_14247X5_1_se	low-coverage WGS of Gadus morhua: Greenland	WGS	GENOMIC	RANDOM	single	ILLUMINA	Illumina HiSeq 2500	DNA was extracted from fin clips or gill tissue with the Qiagen DNeasy Blood & Tissue Kit and libraries were prepared with the protocol described in Therkildsen & Palumbi (2017).	fastq	14247X5_170428_D00550_0430_BCAPNHANXX_1.txt.gz	
IKE2011_986	IKE2011_986_14247X55_2_se	low-coverage WGS of Gadus morhua: Greenland	WGS	GENOMIC	RANDOM	single	ILLUMINA	Illumina HiSeq 2500	DNA was extracted from fin clips or gill tissue with the Qiagen DNeasy Blood & Tissue Kit and libraries were prepared with the protocol described in Therkildsen & Palumbi (2017).	fastq	14247X55_170428_D00550_0430_BCAPNHANXX_2.txt.gz	
IKE2011_998	IKE2011_998_14247X59_2_se	low-coverage WGS of Gadus morhua: Greenland	WGS	GENOMIC	RANDOM	single	ILLUMINA	Illumina HiSeq 2500	DNA was extracted from fin clips or gill tissue with the Qiagen DNeasy Blood & Tissue Kit and libraries were prepared with the protocol described in Therkildsen & Palumbi (2017).	fastq	14247X59_170428_D00550_0430_BCAPNHANXX_2.txt.gz	
QQL2011_846	QQL2011_846_14247X61_2_se	low-coverage WGS of Gadus morhua: Greenland	WGS	GENOMIC	RANDOM	single	ILLUMINA	Illumina HiSeq 2500	DNA was extracted from fin clips or gill tissue with the Qiagen DNeasy Blood & Tissue Kit and libraries were prepared with the protocol described in Therkildsen & Palumbi (2017).	fastq	14247X61_170428_D00550_0430_BCAPNHANXX_2.txt.gz	
BUK2011_009	BUK2011_009_14247X7_1_se	low-coverage WGS of Gadus morhua: Greenland	WGS	GENOMIC	RANDOM	single	ILLUMINA	Illumina HiSeq 2500	DNA was extracted from fin clips or gill tissue with the Qiagen DNeasy Blood & Tissue Kit and libraries were prepared with the protocol described in Therkildsen & Palumbi (2017).	fastq	14247X7_170428_D00550_0430_BCAPNHANXX_1.txt.gz	
ITV2011_678	ITV2011_678_14247X75_3_se	low-coverage WGS of Gadus morhua: Greenland	WGS	GENOMIC	RANDOM	single	ILLUMINA	Illumina HiSeq 2500	DNA was extracted from fin clips or gill tissue with the Qiagen DNeasy Blood & Tissue Kit and libraries were prepared with the protocol described in Therkildsen & Palumbi (2017).	fastq	14247X75_170428_D00550_0430_BCAPNHANXX_3.txt.gz	
NAR2008_032	NAR2008_032_14247X76_3_se	low-coverage WGS of Gadus morhua: Greenland	WGS	GENOMIC	RANDOM	single	ILLUMINA	Illumina HiSeq 2500	DNA was extracted from fin clips or gill tissue with the Qiagen DNeasy Blood & Tissue Kit and libraries were prepared with the protocol described in Therkildsen & Palumbi (2017).	fastq	14247X76_170428_D00550_0430_BCAPNHANXX_3.txt.gz	
QQL2011_894	QQL2011_894_14247X77_3_se	low-coverage WGS of Gadus morhua: Greenland	WGS	GENOMIC	RANDOM	single	ILLUMINA	Illumina HiSeq 2500	DNA was extracted from fin clips or gill tissue with the Qiagen DNeasy Blood & Tissue Kit and libraries were prepared with the protocol described in Therkildsen & Palumbi (2017).	fastq	14247X77_170428_D00550_0430_BCAPNHANXX_3.txt.gz	
ITV2011_682	ITV2011_682_14247X80_3_se	low-coverage WGS of Gadus morhua: Greenland	WGS	GENOMIC	RANDOM	single	ILLUMINA	Illumina HiSeq 2500	DNA was extracted from fin clips or gill tissue with the Qiagen DNeasy Blood & Tissue Kit and libraries were prepared with the protocol described in Therkildsen & Palumbi (2017).	fastq	14247X80_170428_D00550_0430_BCAPNHANXX_3.txt.gz	
NAR2008_034	NAR2008_034_14247X81_3_se	low-coverage WGS of Gadus morhua: Greenland	WGS	GENOMIC	RANDOM	single	ILLUMINA	Illumina HiSeq 2500	DNA was extracted from fin clips or gill tissue with the Qiagen DNeasy Blood & Tissue Kit and libraries were prepared with the protocol described in Therkildsen & Palumbi (2017).	fastq	14247X81_170428_D00550_0430_BCAPNHANXX_3.txt.gz	
QQL2011_896	QQL2011_896_14247X82_3_se	low-coverage WGS of Gadus morhua: Greenland	WGS	GENOMIC	RANDOM	single	ILLUMINA	Illumina HiSeq 2500	DNA was extracted from fin clips or gill tissue with the Qiagen DNeasy Blood & Tissue Kit and libraries were prepared with the protocol described in Therkildsen & Palumbi (2017).	fastq	14247X82_170428_D00550_0430_BCAPNHANXX_3.txt.gz	
ITV2011_686	ITV2011_686_14247X85_3_se	low-coverage WGS of Gadus morhua: Greenland	WGS	GENOMIC	RANDOM	single	ILLUMINA	Illumina HiSeq 2500	DNA was extracted from fin clips or gill tissue with the Qiagen DNeasy Blood & Tissue Kit and libraries were prepared with the protocol described in Therkildsen & Palumbi (2017).	fastq	14247X85_170428_D00550_0430_BCAPNHANXX_3.txt.gz	
NAR2008_036	NAR2008_036_14247X86_3_se	low-coverage WGS of Gadus morhua: Greenland	WGS	GENOMIC	RANDOM	single	ILLUMINA	Illumina HiSeq 2500	DNA was extracted from fin clips or gill tissue with the Qiagen DNeasy Blood & Tissue Kit and libraries were prepared with the protocol described in Therkildsen & Palumbi (2017).	fastq	14247X86_170428_D00550_0430_BCAPNHANXX_3.txt.gz	
IKE2011_000	IKE2011_000_14247X88_3_se	low-coverage WGS of Gadus morhua: Greenland	WGS	GENOMIC	RANDOM	single	ILLUMINA	Illumina HiSeq 2500	DNA was extracted from fin clips or gill tissue with the Qiagen DNeasy Blood & Tissue Kit and libraries were prepared with the protocol described in Therkildsen & Palumbi (2017).	fastq	14247X88_170428_D00550_0430_BCAPNHANXX_3.txt.gz	
ITV2011_642	ITV2011_642_14247X9_1_se	low-coverage WGS of Gadus morhua: Greenland	WGS	GENOMIC	RANDOM	single	ILLUMINA	Illumina HiSeq 2500	DNA was extracted from fin clips or gill tissue with the Qiagen DNeasy Blood & Tissue Kit and libraries were prepared with the protocol described in Therkildsen & Palumbi (2017).	fastq	14247X9_170428_D00550_0430_BCAPNHANXX_1.txt.gz	
ITV2011_690	ITV2011_690_14247X91_3_se	low-coverage WGS of Gadus morhua: Greenland	WGS	GENOMIC	RANDOM	single	ILLUMINA	Illumina HiSeq 2500	DNA was extracted from fin clips or gill tissue with the Qiagen DNeasy Blood & Tissue Kit and libraries were prepared with the protocol described in Therkildsen & Palumbi (2017).	fastq	14247X91_170428_D00550_0430_BCAPNHANXX_3.txt.gz	
IKE2011_002	IKE2011_002_14247X93_3_se	low-coverage WGS of Gadus morhua: Greenland	WGS	GENOMIC	RANDOM	single	ILLUMINA	Illumina HiSeq 2500	DNA was extracted from fin clips or gill tissue with the Qiagen DNeasy Blood & Tissue Kit and libraries were prepared with the protocol described in Therkildsen & Palumbi (2017).	fastq	14247X93_170428_D00550_0430_BCAPNHANXX_3.txt.gz	
IKE2011_006	IKE2011_006_14247X97_3_se	low-coverage WGS of Gadus morhua: Greenland	WGS	GENOMIC	RANDOM	single	ILLUMINA	Illumina HiSeq 2500	DNA was extracted from fin clips or gill tissue with the Qiagen DNeasy Blood & Tissue Kit and libraries were prepared with the protocol described in Therkildsen & Palumbi (2017).	fastq	14247X97_170428_D00550_0430_BCAPNHANXX_3.txt.gz	
